batch_id,bioreactor_scale_l,seed_density_million_ml,cell_line,media_type,feed_strategy,temperature_mean_c,temperature_std_c,ph_mean,ph_std,do_mean_pct,do_std_pct,do_min_pct,agitation_mean_rpm,agitation_max_rpm,air_flow_mean_slpm,o2_flow_mean_slpm,co2_flow_mean_slpm,total_feed_l,glucose_min_g_l,glucose_final_g_l,lactate_max_g_l,lactate_final_g_l,peak_vcd_million_ml,time_to_peak_vcd_hr,final_vcd_million_ml,vcd_auc_million_cell_hr_ml,growth_rate_per_hr,viability_min_pct,viability_final_pct,final_titer_g_l
B001,5.0,0.538,CHO-K1,Media_B,early_feed,36.99595452459017,0.05691384526475306,7.076358508196721,0.03358060977341088,50.06384386885246,1.6410248107523897,46.612777,313.0803456885246,328.938583,0.6365428852459016,0.0,0.11245309836065573,0.345680426,2.692391,4.157878,2.460782,0.485223,18.230826,168,13.628511,2485.5860099999995,0.027750266988959556,93.781174,93.783794,2.135267
B002,2.0,0.5749,GS-CHO,Media_B,early_feed,37.00591478688525,0.05843056857134396,7.07227442622951,0.03306187104629691,50.18209801639345,2.0656889174183553,46.262136,315.8137027213115,334.499244,0.6780602786885246,0.0,0.13061119672131147,0.34248079200000003,2.520126,3.976912,3.133141,0.686571,21.295792,168,16.021745,3041.1273859999997,0.02964963384157761,93.420258,93.420258,2.592597
B003,2.0,0.4412,CHO-S,Media_A,standard,36.99944903278689,0.06251903040087535,7.077419836065573,0.02768397232947872,49.91325119672132,1.6924370253586776,45.554411,314.911589114754,330.429426,0.6525571639344263,0.00013149180327868854,0.11669491803278688,0.344042508,2.619475,3.728097,2.738416,0.538308,20.011642,168,13.721296,2663.0617039999997,0.031227493382756308,93.285569,93.285569,2.429592
B004,5.0,0.5198,CHO-K1,Media_A,standard,37.00766340983606,0.05071792731910396,7.070842147540984,0.03034426634354291,49.84847891803278,2.047013798542479,43.82889,316.12099703278693,332.77706,0.6750066229508196,0.0007577540983606557,0.12842845901639344,0.346055554,2.417785,4.050109,3.131014,0.480177,20.850918,168,13.754846,3037.38096,0.03208848230971403,93.435607,93.435607,3.040842
B005,3.0,0.357,GS-CHO,Media_A,standard,37.003016147540976,0.05487863869844565,7.075395409836065,0.030063852151366668,49.81060118032787,1.8274307318982161,46.537399,314.8091086393443,331.912287,0.6468566065573771,0.0,0.11621418032786884,0.345520286,2.491415,3.688776,2.666271,0.645387,19.945283,176,16.053326,2621.300176,0.030124682146073955,93.515588,93.515588,2.423172
B006,2.0,0.4742,CHO-S,Media_C,standard,36.99650734426229,0.05637280237191375,7.074328557377049,0.02821185629927282,49.99773447540984,1.8865623023900429,46.548237,314.5274025901639,330.608413,0.6565649999999998,0.0,0.12336804918032787,0.34611112,2.462975,3.545803,2.989167,0.675712,20.741318,168,14.890034,2840.9723380000005,0.030989863274694482,93.311263,93.311263,2.75089
B007,3.0,0.5455,CHO-S,Media_C,early_feed,37.00125783606556,0.061268827208507994,7.041043950819673,0.043837471935330365,50.10234437704918,1.9404507237631259,45.884094,317.7120750491803,331.745904,0.6867926885245901,3.4196721311475416e-05,0.1352382950819672,0.34523384399999996,2.300292,4.100409,5.430773,2.134737,22.861414,172,16.087559,3220.679632,0.03158460039659233,93.835948,93.835948,3.321605
B008,5.0,0.4469,CHO-K1,Media_B,standard,37.00751745901639,0.057403969857659824,7.076668639344262,0.035517255711852096,50.032132245901636,1.9059626682852657,45.451617,314.089806590164,330.833799,0.6349230491803279,0.00016181967213114754,0.11244409836065575,0.34669055400000004,2.822171,3.71293,2.545746,0.596396,18.569666,172,14.729189,2478.892336,0.028830826651988564,93.666153,93.916974,2.111104
B009,5.0,0.6209,GS-CHO,Media_C,early_feed,37.002758786885245,0.05169153698918074,7.071184737704917,0.02180927996893501,49.997616360655734,2.0218046495894537,45.009845,316.7920118852458,334.19516,0.6810974918032787,0.0002921803278688524,0.13182344262295081,0.34506427399999995,2.251315,4.055783,3.234502,0.534738,23.040165,168,16.182871,3119.8111080000003,0.02941640432985198,93.672848,93.702038,3.243784
B010,3.0,0.5011,CHO-K1,Media_B,intensified,36.99758501639344,0.052439321745070815,7.078182049180328,0.023973432129078646,49.87119411475409,2.110836962446295,45.922234,314.1859679016393,331.386096,0.6294655901639344,2.2950819672131146e-05,0.10876255737704918,0.41396855800000004,3.187205,4.662185,2.557181,0.66113,18.070215,176,14.156526,2413.334448,0.02712683194762191,93.097684,93.097684,2.106633
B011,5.0,0.5038,CHO-K1,Media_A,standard,36.998605229508186,0.05608768912586659,7.074686852459017,0.02485646471030297,49.960020655737694,2.0098137410910395,45.135495,314.85358840983605,330.556229,0.6614649672131148,0.0002550983606557377,0.12271275409836066,0.345886378,2.375213,3.831347,2.923761,0.723691,20.342188,168,15.259822,2844.427568,0.031159463994235956,93.6871,93.6871,2.817249
B012,2.0,0.4465,CHO-S,Media_C,intensified,36.99757521311476,0.05208623697616432,7.077633049180328,0.03538364854723445,49.67663236065574,1.9194400871806776,46.228108,316.37689396721316,334.677155,0.6730074754098362,0.0,0.12687968852459017,0.41312843199999993,2.719808,4.467762,3.196796,0.641403,22.358664,168,15.902688,3010.207324,0.032628195360999535,93.498037,93.498037,3.035392
B013,5.0,0.559,CHO-S,Media_A,standard,36.99996055737705,0.05630011821672725,7.076710803278689,0.026343174509930525,49.75557814754098,1.8584765318020633,45.42226,316.04311706557377,334.141027,0.6610614754098362,0.00017047540983606557,0.12456767213114754,0.34596418400000006,2.567386,3.821032,2.930556,0.661661,19.8584,164,14.330455,2847.6426159999996,0.03003037034713379,93.793722,93.793722,2.759034
B014,3.0,0.6125,GS-CHO,Media_C,standard,37.00124503278689,0.055460116564959853,7.074562131147541,0.02916913638561338,49.93999783606557,2.1654521864635665,44.091573,317.1549288196721,334.28687,0.6771703770491803,0.0005631475409836066,0.13131337704918034,0.34590974399999996,2.197033,3.585642,3.192423,0.763113,22.563046,168,15.27855,3046.8393379999993,0.029650242400794377,93.258207,93.258207,3.054024
B015,2.0,0.5468,CHO-S,Media_A,standard,36.999658049180326,0.05360118951149824,7.073970622950819,0.02839888854818325,50.41929124590163,2.36626119601649,46.053537,316.3111995901638,332.47954,0.667878901639344,0.0,0.12628524590163934,0.34529381000000003,2.509389,3.760897,2.928178,0.54636,20.019335,172,14.103516,2936.3018439999996,0.030133066994117955,93.545165,93.545165,2.820231
B016,5.0,0.5207,GS-CHO,Media_C,standard,36.991166737704916,0.051462050592937326,7.078444213114753,0.031247625738667333,49.893093622950815,2.071731227373596,45.127794,317.40752603278685,333.694478,0.6793614098360657,0.00041973770491803274,0.1310893606557377,0.345303442,2.211536,3.699445,3.194976,0.618437,22.273406,164,15.448414,3084.121934,0.03201262586737556,93.010258,93.010258,3.074317
B017,2.0,0.4981,GS-CHO,Media_B,standard,36.99113949180328,0.05791824016336088,7.078237491803279,0.031681464939626244,49.98813313114752,1.7669574872392229,46.381051,315.0840837377049,332.759295,0.659100180327869,0.0,0.1225128524590164,0.343486032,2.256076,3.866423,2.999226,0.579471,20.48833,164,14.466445,2842.7050159999994,0.031049349045991863,93.58793,93.651467,2.675222
B018,5.0,0.5786,GS-CHO,Media_A,standard,37.005176081967214,0.051404606346868234,7.078258786885247,0.03194357112112688,49.96339139344262,2.0163711257865726,45.822763,313.3945631639345,327.086363,0.6407373770491803,5.2295081967213114e-05,0.11546070491803277,0.345864832,2.793498,3.88159,2.541675,0.48599,18.416568,172,14.492489,2554.3644560000002,0.02759087310781819,93.494064,93.736264,2.566066
B019,2.0,0.3953,GS-CHO,Media_A,standard,36.996021114754086,0.05409603137572357,7.077994163934426,0.04047264975889288,49.66602640983608,2.074796283431222,44.926659,315.68966804918034,332.885105,0.6538088032786885,0.00031672131147540987,0.12190404918032788,0.3450884,2.509269,3.749601,2.964427,0.543793,20.234703,164,14.697066,2745.877737999999,0.03179994488281219,93.350407,93.350407,2.708282
B020,3.0,0.5143,GS-CHO,Media_A,standard,37.00149637704918,0.05487034168904076,7.06921368852459,0.03468004079896722,50.16151645901639,1.9458529426450382,45.628598,315.718926442623,333.635462,0.6692390655737703,0.00010959016393442623,0.12471068852459018,0.345104598,2.35438,3.709399,3.015901,0.727388,21.656575,168,15.380316,2908.380152,0.029807521185733613,93.820989,93.983127,2.653958
B021,3.0,0.5278,CHO-S,Media_B,standard,37.00212114754098,0.05132554780738199,7.079537409836067,0.03322523746510424,49.955828819672135,1.951616990650313,44.634626,314.6533776393443,330.598699,0.6491979999999999,0.0004029016393442623,0.11741149180327867,0.346116826,2.594572,4.045406,2.689915,0.610748,18.675023,164,12.876476,2685.9353079999996,0.030239899900131706,93.742483,93.742483,2.073452
B022,2.0,0.5912,GS-CHO,Media_B,standard,37.001227016393436,0.054052227605804706,7.07680686885246,0.02920034138811584,49.7722775409836,2.008651271580407,45.945027,315.78086850819665,330.786761,0.6530485901639344,2.6672131147540983e-05,0.11840637704918029,0.34410142999999993,2.615,3.837967,2.715373,0.653965,20.065617,168,14.138236,2707.72592,0.02912178056200553,93.694792,93.694792,2.63118
B023,3.0,0.3709,GS-CHO,Media_C,standard,37.00291214754098,0.05348400384159585,7.082890360655737,0.029101812541508343,49.76130019672131,2.1898705580583506,45.316497,309.0395366721312,324.950005,0.5575325573770492,0.00033524590163934426,0.078613131147541,0.34539416800000006,3.527984,4.123415,1.478286,0.44811,10.816926,168,8.917767,1434.0840019999998,0.028904332667887975,93.685552,93.685552,1.312637
B024,2.0,0.5508,CHO-K1,Media_B,standard,37.004739622950815,0.057622146551525505,7.077002032786885,0.029128999889552917,50.05945031147541,1.8230234753686112,46.425823,315.05167408196723,332.038061,0.6480994262295083,0.0,0.11907904918032787,0.34448607400000003,2.65212,3.788815,2.768302,0.540089,19.459916,168,14.145818,2722.004444,0.02941305997350971,93.262174,93.262174,2.195224
B025,2.0,0.5838,CHO-K1,Media_B,early_feed,37.0040561147541,0.053920460810376,7.077862573770491,0.016237378612796567,50.20822557377049,2.0265964176251727,45.804741,313.5982873114754,331.34457,0.632508393442623,5.7622950819672127e-05,0.11195122950819673,0.345208066,2.74008,4.34801,2.61417,0.593701,18.246244,164,12.423325,2469.10157,0.02667066119246391,93.312862,93.649516,2.138054
B026,5.0,0.4631,GS-CHO,Media_B,intensified,36.996565557377046,0.05395939995667202,7.072912049180328,0.04360796325650709,50.18232336065574,1.9886639115323212,45.400547,315.19483980327874,330.473669,0.6691523770491804,0.00017688524590163933,0.12630445901639342,0.41395965,2.806228,4.433689,3.073098,0.677644,21.589458,164,15.451896,2944.733236,0.030168430153563786,93.448219,93.594744,2.706839
B027,5.0,0.4099,CHO-K1,Media_B,standard,37.004861311475416,0.05337130451798392,7.075403803278689,0.032118529977683,50.14070996721313,1.7953201851004457,46.70413,313.18429262295086,335.532104,0.6346143606557377,0.0,0.11183247540983605,0.345154806,2.74457,4.049755,2.659498,0.562987,18.519882,168,12.161092,2466.0501600000002,0.030710936976881556,93.659687,93.659687,2.293029
B028,5.0,0.4074,CHO-K1,Media_C,standard,36.996767868852466,0.059962194888522016,7.077561278688525,0.02453805981744221,49.998336409836064,2.046912050458775,45.522361,314.3473085737704,333.543955,0.647128049180328,0.00018313114754098361,0.11860183606557377,0.344915538,2.458446,3.764416,2.803531,0.611864,20.916195,176,15.772029,2688.820826,0.031452346174092746,93.794104,93.794104,2.570615
B029,5.0,0.4814,CHO-K1,Media_A,early_feed,36.99802983606557,0.05739538794716882,7.080703655737706,0.03541324531578791,49.94319319672131,1.9279560106015028,45.038385,315.3494451639344,331.271844,0.6596679508196721,0.00028375409836065577,0.12224114754098361,0.345508382,2.362214,4.030079,3.050043,0.788342,21.47395,168,14.765168,2827.767968,0.030434151475103817,93.569902,93.660992,2.586542
B030,3.0,0.4398,CHO-K1,Media_C,standard,36.99679296721311,0.05364686612902543,7.078843803278689,0.023415048342764287,50.29412226229508,2.0141498979340877,45.579141,314.81382526229504,335.725782,0.6536978524590161,0.00012418032786885245,0.12198288524590165,0.345134778,2.486195,3.501923,2.798524,0.703988,20.44151,168,16.06788,2752.2461460000004,0.030736582893197185,93.834911,93.834911,2.4956
B031,5.0,0.6274,CHO-K1,Media_A,standard,36.99410362295083,0.05709232651625617,7.073586491803278,0.03322285274657739,50.35040396721312,2.0009700918732056,46.407634,316.0845856229508,336.148803,0.6685087540983607,0.0,0.12570075409836068,0.34519201,2.393975,3.974966,3.008304,0.437735,20.651565,164,14.615418,2957.86208,0.029375824436658964,91.779069,91.779069,2.608481
B032,3.0,0.4398,CHO-K1,Media_C,standard,36.99983716393443,0.05414280967871915,7.075546967213115,0.03192429515012414,49.68023339344262,2.014356370700778,44.700091,315.38134165573763,330.631874,0.653015344262295,0.00038357377049180323,0.1186927868852459,0.3460158059999999,2.41825,3.711725,2.67502,0.612164,20.426507,168,16.107723,2690.218772,0.02822817152387702,93.673247,94.025347,2.570108
B033,2.0,0.357,CHO-S,Media_A,early_feed,37.00165991803278,0.058205895477261085,7.080382672131147,0.032851440967747156,49.7477618032787,2.2061118112378386,45.319748,315.15932537704913,335.769913,0.6484795737704917,0.00020073770491803279,0.1166149180327869,0.34584754599999995,2.522268,3.826927,2.780986,0.621383,20.561093,172,16.204599,2664.8856660000006,0.03287426476088285,93.505487,93.505487,2.425759
B034,3.0,0.4513,CHO-S,Media_A,standard,36.996617540983614,0.05488053196977759,7.069252622950821,0.03465092899772621,49.96873704918034,2.115968621522835,44.854953,315.3837198852459,328.373453,0.6504017868852459,0.0004979016393442623,0.11788499999999999,0.34443393600000005,2.485731,3.825361,2.890146,0.572101,19.474641,168,13.925254,2682.33403,0.030219175418708975,93.257638,93.257638,2.560945
B035,5.0,0.3779,GS-CHO,Media_B,standard,37.00067804918032,0.04994785071266037,7.080740032786885,0.03668985493065133,50.03658367213116,2.0288617262843855,44.282289,314.56531268852444,335.63486,0.6539517868852459,0.0005068688524590164,0.11750259016393441,0.34602235200000003,2.624953,3.693483,2.854912,0.588061,19.377342,168,13.507965,2674.3657460000004,0.03155531919134202,93.069347,93.069347,2.230025
B036,2.0,0.5772,CHO-K1,Media_A,standard,37.00134040983606,0.05754035613705613,7.082065655737704,0.026366298119559897,49.73345496721311,2.1107507882825325,45.439311,313.98516714754095,332.531718,0.6419186721311476,0.0005295081967213115,0.11514586885245903,0.34568800400000005,2.773763,3.985241,2.670438,0.506515,18.381664,172,14.307544,2574.6317580000004,0.02734545957696197,93.464078,93.535826,2.490089
B037,3.0,0.4956,GS-CHO,Media_B,standard,36.99732552459016,0.052140273996085625,7.0749032622950825,0.03810022882866612,50.03953119672131,2.1173795695477136,45.34217,315.5241428360656,334.012583,0.6663085737704918,0.00030122950819672133,0.12325455737704917,0.34574841999999995,2.510989,3.748798,2.812723,0.756556,20.314626,172,15.50381,2838.686422,0.02845551431343234,93.703441,93.957117,2.199288
B038,5.0,0.5514,CHO-K1,Media_A,standard,36.99718975409836,0.0516373908883396,7.085450360655739,0.03416043595303043,50.18964068852458,2.1124602845735554,45.354323,315.1726220000001,333.422771,0.6671304590163935,0.00019052459016393443,0.12436422950819673,0.34508131599999997,2.360899,3.937655,2.946359,0.618574,20.814585,168,15.85417,2889.359542,0.02848146294997932,93.501513,93.501513,2.509172
B039,3.0,0.3918,GS-CHO,Media_B,intensified,37.00050160655737,0.05839193044427726,7.072852901639345,0.03605318960217198,49.87302160655737,1.6652894296510468,46.649538,316.0724658196722,330.034541,0.6712341639344261,0.0,0.12656016393442623,0.4141515340000001,2.897465,4.723096,3.083518,0.691441,21.673977,168,14.846636,2948.3452460000003,0.030811894715193463,93.543063,93.543063,2.462414
B040,2.0,0.6249,CHO-K1,Media_B,standard,37.00614934426228,0.04538365897540841,7.073574278688525,0.02459030500497513,50.041214934426236,2.1803316150245347,45.765638,315.0312585573771,332.400089,0.6459103606557377,0.0001280655737704918,0.12136055737704918,0.34460775,2.57885,3.742727,2.733029,0.523884,19.600363,172,15.320017,2712.9965240000006,0.02919140815944291,93.477508,93.755123,2.423454
B041,5.0,0.4394,CHO-K1,Media_A,standard,37.00380214754098,0.053426079090907325,7.075269344262295,0.030088356535867892,49.960431754098366,1.8959930431266407,45.300573,315.7274074098361,333.167928,0.6732518524590163,0.00020639344262295082,0.1273919508196721,0.346029858,2.302706,3.586174,3.096597,0.727395,21.531576,168,14.831696,2977.3928539999997,0.03288306325869831,93.184092,93.719337,2.638777
B042,5.0,0.5917,CHO-K1,Media_A,standard,36.985370573770496,0.059394942076874443,7.072903114754099,0.03416526297625429,50.05280927868853,1.8472593884225816,46.13315,316.8645566557377,335.253014,0.6904424918032785,0.0,0.13430418032786887,0.34461247,2.298902,3.772192,3.265593,0.563592,21.606483,164,15.333806,3177.5499919999997,0.03126439865886973,93.834888,93.868107,2.719249
B043,3.0,0.4455,CHO-S,Media_C,standard,37.013985327868845,0.06291470449657002,7.073845213114754,0.03565021828877288,49.796959622950816,2.055421437765891,45.792569,316.34660137704924,332.380209,0.6726869016393443,6.121311475409835e-05,0.12486934426229507,0.3438304360000001,2.437423,3.50097,3.027302,0.719708,21.230071,164,16.086073,2914.349554,0.032648029965029024,93.576637,93.917566,3.064097
B044,2.0,0.4353,CHO-K1,Media_A,intensified,37.00063147540984,0.052136362104136004,7.074922836065573,0.03290013151148002,49.991050196721325,2.1798911172203828,44.475207,314.4452619180327,333.253203,0.6427284426229507,0.0007450491803278689,0.11796526229508195,0.41382350600000006,3.033674,4.245051,2.578286,0.704418,20.350803,172,16.832178,2603.088918,0.027888112056521905,93.217057,93.217057,1.341451
B045,5.0,0.5352,CHO-K1,Media_C,standard,36.99640429508196,0.056574607598092644,7.070751934426229,0.029306375651536293,50.30562963934426,2.242030571863031,46.151524,315.92320695081963,331.499139,0.6658664426229508,0.0,0.1271149508196721,0.345068176,2.364056,3.855333,2.987198,0.678832,21.341654,164,14.420169,2944.284844,0.02923476541409833,93.603823,93.603823,2.875631
B046,3.0,0.3953,GS-CHO,Media_A,intensified,37.00115790163934,0.05759534483176709,7.077876557377048,0.02098880528720377,49.89374396721311,2.0527951399088593,45.811823,314.84106354098355,328.527071,0.6379755409836064,5.5524590163934424e-05,0.1153055737704918,0.4141427439999999,3.119886,4.584803,2.674258,0.609233,19.462891,172,15.8495,2537.8014520000006,0.03081993429125545,93.348661,93.348661,2.517215
B047,3.0,0.5425,CHO-K1,Media_B,standard,37.012127786885245,0.05319009161304207,7.078442229508197,0.029739927498450915,50.147120327868855,2.1282447754736977,46.458084,314.21559919672126,331.698597,0.642795,0.0,0.11396229508196722,0.3455968300000001,2.496288,3.769722,2.708471,0.521872,18.609391,164,14.389494,2587.9054020000003,0.030268779540449486,93.530129,93.530129,2.403336
B048,5.0,0.6474,GS-CHO,Media_A,intensified,37.005809377049175,0.049655847091141146,7.07031519672131,0.02181835928128705,50.08925940983606,2.042544879096837,46.118775,317.4633116557377,331.468888,0.6916383606557377,0.0,0.13602783606557375,0.41320471799999997,2.731259,4.623468,3.28721,0.668135,23.313578,168,15.665605,3231.9236499999997,0.02885391141204592,93.452601,93.452601,2.951638
B049,5.0,0.38,GS-CHO,Media_B,standard,36.998307950819665,0.056067231755403846,7.071798098360655,0.027211457663212923,49.92667252459016,2.202774870013605,46.04496,313.5533224098361,336.532369,0.6229950491803279,0.0,0.106851131147541,0.34418762199999997,2.865775,3.860528,2.50177,0.572928,17.520645,168,12.295164,2301.3194140000005,0.029460433917768928,93.301933,93.301933,1.895926
B050,3.0,0.5851,CHO-S,Media_C,early_feed,36.99495580327869,0.050157769103706326,7.073613721311477,0.02042010529692994,50.02488837704918,1.7778929213647185,46.671472,316.4936428688525,331.30974,0.6860568032786886,0.0,0.13352168852459015,0.34532729000000006,2.281068,4.081292,3.32054,0.567821,22.470135,168,15.251784,3121.1970159999996,0.029190684382924735,93.533223,93.533223,2.670935
