feature_set,model,cv_rmse_mean,cv_r2_mean,test_rmse,test_mae,test_r2,low_titer_precision,low_titer_recall,low_titer_f1,true_negative,false_positive,false_negative,true_positive,feature_count,text_pca_components,image_pca_components,training_seconds
Tabular + text + image,Random Forest,0.2936594307991478,0.43715168345403577,0.16670654731416648,0.1380685859783063,0.6555716716804098,0.5,1.0,0.6666666666666666,6,2,0,2,79,20,20,2.336415800033137
Tabular + text,Random Forest,0.29997186636129014,0.4047735218373334,0.17147356387103402,0.14633042627341236,0.6355920034181868,0.3333333333333333,1.0,0.5,4,4,0,2,57,20,0,1.993743099970743
Tabular + image,Random Forest,0.2878824722253162,0.4626905468881904,0.1866221701952341,0.15070511283888874,0.5683616526818418,0.3333333333333333,1.0,0.5,4,4,0,2,57,0,20,2.039884899975732
Tabular + text,PLS,0.30321689609639113,0.3231847549998147,0.1971023829382859,0.16365190904271054,0.5185210554440736,0.6666666666666666,1.0,0.8,7,1,0,2,57,20,0,0.20734840002842247
Tabular only,Random Forest,0.29016537707040246,0.45251402868487645,0.20693312881690976,0.1635605149063007,0.4692944874903917,0.3333333333333333,1.0,0.5,4,4,0,2,35,0,0,2.0591566000366583
Tabular + text + image,Linear Regression,0.41825328249737287,-0.2756205311107346,0.21712578996528328,0.18134405831815464,0.41572625235651217,0.6666666666666666,1.0,0.8,7,1,0,2,79,20,20,0.33006390009541065
Tabular + image,XGBoost,0.2946007384397342,0.4283368203414253,0.22517220461686285,0.17467481595001233,0.37161890605503045,0.3333333333333333,1.0,0.5,4,4,0,2,57,0,20,0.8296355999773368
Tabular only,XGBoost,0.2875082107561967,0.4398225760662145,0.25643045989525515,0.20299195774536144,0.1850466063254863,0.3333333333333333,1.0,0.5,4,4,0,2,35,0,0,0.6539260999998078
Tabular + text + image,XGBoost,0.29739044724074076,0.4106624774185974,0.2578220485570047,0.22429604236679088,0.1761774798003145,0.3333333333333333,1.0,0.5,4,4,0,2,79,20,20,0.9914131999248639
Tabular + text,XGBoost,0.2884342974299899,0.4312919736242605,0.2641970953149091,0.2360537141998292,0.13493323511989996,0.2857142857142857,1.0,0.4444444444444444,3,5,0,2,57,20,0,0.7852801999542862
Tabular + text + image,PLS,0.3483555166881064,0.1061332721542549,0.2666078510012991,0.19951231593477659,0.1190740192308758,0.5,1.0,0.6666666666666666,6,2,0,2,79,20,20,0.335865700035356
Tabular + image,PLS,0.3879381536886023,-0.1263148119040961,0.2799157990796648,0.2520417717529394,0.02893483816436604,0.3333333333333333,1.0,0.5,4,4,0,2,57,0,20,0.22795590001624078
Tabular only,PLS,0.2778820896903926,0.45715339990205395,0.2890350353989472,0.2272101347818311,-0.03536749913034609,0.3333333333333333,0.5,0.4,6,2,1,1,35,0,0,0.1645550000248477
Tabular + image,Linear Regression,0.36223546396417033,-0.0009738151053221289,0.31831355342994544,0.2916408123258937,-0.25575180671417685,0.2,0.5,0.2857142857142857,4,4,1,1,57,0,20,0.22730779997073114
Tabular only,Linear Regression,1.294179926171946,-13.9394289524286,0.46890120372545124,0.41573532634172033,-1.7249356161003626,0.2,0.5,0.2857142857142857,4,4,1,1,35,0,0,0.27889169997069985
Tabular + text,Linear Regression,0.4466062844414262,-0.3484760151440001,0.4728077203568637,0.3930477485191465,-1.770528799209035,0.5,0.5,0.5,7,1,1,1,57,20,0,0.22249299997929484
