batch_id,cell_line,media_type,media_lot,bioreactor_scale_l,seed_density_million_ml,feed_strategy,experiment_date
B001,CHO-K1,Media_B,B-04,5.000000,0.538000,early_feed,2024-01-08
B002,GS-CHO,Media_B,B-02,2.000000,0.574900,early_feed,2024-01-15
B003,CHO-S,Media_A,A-02,2.000000,0.441200,standard,2024-01-22
B004,CHO-K1,Media_A,A-04,5.000000,0.519800,standard,2024-01-29
B005,GS-CHO,Media_A,A-01,3.000000,0.357000,standard,2024-02-05
B006,CHO-S,Media_C,C-01,2.000000,0.474200,standard,2024-02-12
B007,CHO-S,Media_C,C-01,3.000000,0.545500,early_feed,2024-02-19
B008,CHO-K1,Media_B,B-03,5.000000,0.446900,standard,2024-02-26
B009,GS-CHO,Media_C,C-01,5.000000,0.620900,early_feed,2024-03-04
B010,CHO-K1,Media_B,B-01,3.000000,0.501100,intensified,2024-03-11
B011,CHO-K1,Media_A,A-04,5.000000,0.503800,standard,2024-03-18
B012,CHO-S,Media_C,C-04,2.000000,0.446500,intensified,2024-03-25
B013,CHO-S,Media_A,A-04,5.000000,0.559000,standard,2024-04-01
B014,GS-CHO,Media_C,C-03,3.000000,0.612500,standard,2024-04-08
B015,CHO-S,Media_A,A-02,2.000000,0.546800,standard,2024-04-15
B016,GS-CHO,Media_C,C-02,5.000000,0.520700,standard,2024-04-22
B017,GS-CHO,Media_B,B-01,2.000000,0.498100,standard,2024-04-29
B018,GS-CHO,Media_A,A-01,5.000000,0.578600,standard,2024-05-06
B019,GS-CHO,Media_A,A-04,2.000000,0.395300,standard,2024-05-13
B020,GS-CHO,Media_A,A-02,3.000000,0.514300,standard,2024-05-20
B021,CHO-S,Media_B,B-04,3.000000,0.527800,standard,2024-05-27
B022,GS-CHO,Media_B,B-04,2.000000,0.591200,standard,2024-06-03
B023,GS-CHO,Media_C,C-04,3.000000,0.370900,standard,2024-06-10
B024,CHO-K1,Media_B,B-04,2.000000,0.550800,standard,2024-06-17
B025,CHO-K1,Media_B,B-03,2.000000,0.583800,early_feed,2024-06-24
B026,GS-CHO,Media_B,B-02,5.000000,0.463100,intensified,2024-07-01
B027,CHO-K1,Media_B,B-01,5.000000,0.409900,standard,2024-07-08
B028,CHO-K1,Media_C,C-02,5.000000,0.407400,standard,2024-07-15
B029,CHO-K1,Media_A,A-03,5.000000,0.481400,early_feed,2024-07-22
B030,CHO-K1,Media_C,C-04,3.000000,0.439800,standard,2024-07-29
B031,CHO-K1,Media_A,A-03,5.000000,0.627400,standard,2024-08-05
B032,CHO-K1,Media_C,C-04,3.000000,0.439800,standard,2024-08-12
B033,CHO-S,Media_A,A-04,2.000000,0.357000,early_feed,2024-08-19
B034,CHO-S,Media_A,A-03,3.000000,0.451300,standard,2024-08-26
B035,GS-CHO,Media_B,B-03,5.000000,0.377900,standard,2024-09-02
B036,CHO-K1,Media_A,A-03,2.000000,0.577200,standard,2024-09-09
B037,GS-CHO,Media_B,B-04,3.000000,0.495600,standard,2024-09-16
B038,CHO-K1,Media_A,A-04,5.000000,0.551400,standard,2024-09-23
B039,GS-CHO,Media_B,B-03,3.000000,0.391800,intensified,2024-09-30
B040,CHO-K1,Media_B,B-03,2.000000,0.624900,standard,2024-10-07
B041,CHO-K1,Media_A,A-04,5.000000,0.439400,standard,2024-10-14
B042,CHO-K1,Media_A,A-02,5.000000,0.591700,standard,2024-10-21
B043,CHO-S,Media_C,C-03,3.000000,0.445500,standard,2024-10-28
B044,CHO-K1,Media_A,A-04,2.000000,0.435300,intensified,2024-11-04
B045,CHO-K1,Media_C,C-04,5.000000,0.535200,standard,2024-11-11
B046,GS-CHO,Media_A,A-03,3.000000,0.395300,intensified,2024-11-18
B047,CHO-K1,Media_B,B-03,3.000000,0.542500,standard,2024-11-25
B048,GS-CHO,Media_A,A-02,5.000000,0.647400,intensified,2024-12-02
B049,GS-CHO,Media_B,B-02,5.000000,0.380000,standard,2024-12-09
B050,CHO-S,Media_C,C-01,3.000000,0.585100,early_feed,2024-12-16
