image_id,batch_id,time_hr,file_path,image_type,is_synthetic
I0001,B001,48,images/B001_48h.png,synthetic_brightfield_style,True
I0002,B001,96,images/B001_96h.png,synthetic_brightfield_style,True
I0003,B001,168,images/B001_168h.png,synthetic_brightfield_style,True
I0004,B002,48,images/B002_48h.png,synthetic_brightfield_style,True
I0005,B002,96,images/B002_96h.png,synthetic_brightfield_style,True
I0006,B002,168,images/B002_168h.png,synthetic_brightfield_style,True
I0007,B003,48,images/B003_48h.png,synthetic_brightfield_style,True
I0008,B003,96,images/B003_96h.png,synthetic_brightfield_style,True
I0009,B003,168,images/B003_168h.png,synthetic_brightfield_style,True
I0010,B004,48,images/B004_48h.png,synthetic_brightfield_style,True
I0011,B004,96,images/B004_96h.png,synthetic_brightfield_style,True
I0012,B004,168,images/B004_168h.png,synthetic_brightfield_style,True
I0013,B005,48,images/B005_48h.png,synthetic_brightfield_style,True
I0014,B005,96,images/B005_96h.png,synthetic_brightfield_style,True
I0015,B005,168,images/B005_168h.png,synthetic_brightfield_style,True
I0016,B006,48,images/B006_48h.png,synthetic_brightfield_style,True
I0017,B006,96,images/B006_96h.png,synthetic_brightfield_style,True
I0018,B006,168,images/B006_168h.png,synthetic_brightfield_style,True
I0019,B007,48,images/B007_48h.png,synthetic_brightfield_style,True
I0020,B007,96,images/B007_96h.png,synthetic_brightfield_style,True
I0021,B007,168,images/B007_168h.png,synthetic_brightfield_style,True
I0022,B008,48,images/B008_48h.png,synthetic_brightfield_style,True
I0023,B008,96,images/B008_96h.png,synthetic_brightfield_style,True
I0024,B008,168,images/B008_168h.png,synthetic_brightfield_style,True
I0025,B009,48,images/B009_48h.png,synthetic_brightfield_style,True
I0026,B009,96,images/B009_96h.png,synthetic_brightfield_style,True
I0027,B009,168,images/B009_168h.png,synthetic_brightfield_style,True
I0028,B010,48,images/B010_48h.png,synthetic_brightfield_style,True
I0029,B010,96,images/B010_96h.png,synthetic_brightfield_style,True
I0030,B010,168,images/B010_168h.png,synthetic_brightfield_style,True
I0031,B011,48,images/B011_48h.png,synthetic_brightfield_style,True
I0032,B011,96,images/B011_96h.png,synthetic_brightfield_style,True
I0033,B011,168,images/B011_168h.png,synthetic_brightfield_style,True
I0034,B012,48,images/B012_48h.png,synthetic_brightfield_style,True
I0035,B012,96,images/B012_96h.png,synthetic_brightfield_style,True
I0036,B012,168,images/B012_168h.png,synthetic_brightfield_style,True
I0037,B013,48,images/B013_48h.png,synthetic_brightfield_style,True
I0038,B013,96,images/B013_96h.png,synthetic_brightfield_style,True
I0039,B013,168,images/B013_168h.png,synthetic_brightfield_style,True
I0040,B014,48,images/B014_48h.png,synthetic_brightfield_style,True
I0041,B014,96,images/B014_96h.png,synthetic_brightfield_style,True
I0042,B014,168,images/B014_168h.png,synthetic_brightfield_style,True
I0043,B015,48,images/B015_48h.png,synthetic_brightfield_style,True
I0044,B015,96,images/B015_96h.png,synthetic_brightfield_style,True
I0045,B015,168,images/B015_168h.png,synthetic_brightfield_style,True
I0046,B016,48,images/B016_48h.png,synthetic_brightfield_style,True
I0047,B016,96,images/B016_96h.png,synthetic_brightfield_style,True
I0048,B016,168,images/B016_168h.png,synthetic_brightfield_style,True
I0049,B017,48,images/B017_48h.png,synthetic_brightfield_style,True
I0050,B017,96,images/B017_96h.png,synthetic_brightfield_style,True
I0051,B017,168,images/B017_168h.png,synthetic_brightfield_style,True
I0052,B018,48,images/B018_48h.png,synthetic_brightfield_style,True
I0053,B018,96,images/B018_96h.png,synthetic_brightfield_style,True
I0054,B018,168,images/B018_168h.png,synthetic_brightfield_style,True
I0055,B019,48,images/B019_48h.png,synthetic_brightfield_style,True
I0056,B019,96,images/B019_96h.png,synthetic_brightfield_style,True
I0057,B019,168,images/B019_168h.png,synthetic_brightfield_style,True
I0058,B020,48,images/B020_48h.png,synthetic_brightfield_style,True
I0059,B020,96,images/B020_96h.png,synthetic_brightfield_style,True
I0060,B020,168,images/B020_168h.png,synthetic_brightfield_style,True
I0061,B021,48,images/B021_48h.png,synthetic_brightfield_style,True
I0062,B021,96,images/B021_96h.png,synthetic_brightfield_style,True
I0063,B021,168,images/B021_168h.png,synthetic_brightfield_style,True
I0064,B022,48,images/B022_48h.png,synthetic_brightfield_style,True
I0065,B022,96,images/B022_96h.png,synthetic_brightfield_style,True
I0066,B022,168,images/B022_168h.png,synthetic_brightfield_style,True
I0067,B023,48,images/B023_48h.png,synthetic_brightfield_style,True
I0068,B023,96,images/B023_96h.png,synthetic_brightfield_style,True
I0069,B023,168,images/B023_168h.png,synthetic_brightfield_style,True
I0070,B024,48,images/B024_48h.png,synthetic_brightfield_style,True
I0071,B024,96,images/B024_96h.png,synthetic_brightfield_style,True
I0072,B024,168,images/B024_168h.png,synthetic_brightfield_style,True
I0073,B025,48,images/B025_48h.png,synthetic_brightfield_style,True
I0074,B025,96,images/B025_96h.png,synthetic_brightfield_style,True
I0075,B025,168,images/B025_168h.png,synthetic_brightfield_style,True
I0076,B026,48,images/B026_48h.png,synthetic_brightfield_style,True
I0077,B026,96,images/B026_96h.png,synthetic_brightfield_style,True
I0078,B026,168,images/B026_168h.png,synthetic_brightfield_style,True
I0079,B027,48,images/B027_48h.png,synthetic_brightfield_style,True
I0080,B027,96,images/B027_96h.png,synthetic_brightfield_style,True
I0081,B027,168,images/B027_168h.png,synthetic_brightfield_style,True
I0082,B028,48,images/B028_48h.png,synthetic_brightfield_style,True
I0083,B028,96,images/B028_96h.png,synthetic_brightfield_style,True
I0084,B028,168,images/B028_168h.png,synthetic_brightfield_style,True
I0085,B029,48,images/B029_48h.png,synthetic_brightfield_style,True
I0086,B029,96,images/B029_96h.png,synthetic_brightfield_style,True
I0087,B029,168,images/B029_168h.png,synthetic_brightfield_style,True
I0088,B030,48,images/B030_48h.png,synthetic_brightfield_style,True
I0089,B030,96,images/B030_96h.png,synthetic_brightfield_style,True
I0090,B030,168,images/B030_168h.png,synthetic_brightfield_style,True
I0091,B031,48,images/B031_48h.png,synthetic_brightfield_style,True
I0092,B031,96,images/B031_96h.png,synthetic_brightfield_style,True
I0093,B031,168,images/B031_168h.png,synthetic_brightfield_style,True
I0094,B032,48,images/B032_48h.png,synthetic_brightfield_style,True
I0095,B032,96,images/B032_96h.png,synthetic_brightfield_style,True
I0096,B032,168,images/B032_168h.png,synthetic_brightfield_style,True
I0097,B033,48,images/B033_48h.png,synthetic_brightfield_style,True
I0098,B033,96,images/B033_96h.png,synthetic_brightfield_style,True
I0099,B033,168,images/B033_168h.png,synthetic_brightfield_style,True
I0100,B034,48,images/B034_48h.png,synthetic_brightfield_style,True
I0101,B034,96,images/B034_96h.png,synthetic_brightfield_style,True
I0102,B034,168,images/B034_168h.png,synthetic_brightfield_style,True
I0103,B035,48,images/B035_48h.png,synthetic_brightfield_style,True
I0104,B035,96,images/B035_96h.png,synthetic_brightfield_style,True
I0105,B035,168,images/B035_168h.png,synthetic_brightfield_style,True
I0106,B036,48,images/B036_48h.png,synthetic_brightfield_style,True
I0107,B036,96,images/B036_96h.png,synthetic_brightfield_style,True
I0108,B036,168,images/B036_168h.png,synthetic_brightfield_style,True
I0109,B037,48,images/B037_48h.png,synthetic_brightfield_style,True
I0110,B037,96,images/B037_96h.png,synthetic_brightfield_style,True
I0111,B037,168,images/B037_168h.png,synthetic_brightfield_style,True
I0112,B038,48,images/B038_48h.png,synthetic_brightfield_style,True
I0113,B038,96,images/B038_96h.png,synthetic_brightfield_style,True
I0114,B038,168,images/B038_168h.png,synthetic_brightfield_style,True
I0115,B039,48,images/B039_48h.png,synthetic_brightfield_style,True
I0116,B039,96,images/B039_96h.png,synthetic_brightfield_style,True
I0117,B039,168,images/B039_168h.png,synthetic_brightfield_style,True
I0118,B040,48,images/B040_48h.png,synthetic_brightfield_style,True
I0119,B040,96,images/B040_96h.png,synthetic_brightfield_style,True
I0120,B040,168,images/B040_168h.png,synthetic_brightfield_style,True
I0121,B041,48,images/B041_48h.png,synthetic_brightfield_style,True
I0122,B041,96,images/B041_96h.png,synthetic_brightfield_style,True
I0123,B041,168,images/B041_168h.png,synthetic_brightfield_style,True
I0124,B042,48,images/B042_48h.png,synthetic_brightfield_style,True
I0125,B042,96,images/B042_96h.png,synthetic_brightfield_style,True
I0126,B042,168,images/B042_168h.png,synthetic_brightfield_style,True
I0127,B043,48,images/B043_48h.png,synthetic_brightfield_style,True
I0128,B043,96,images/B043_96h.png,synthetic_brightfield_style,True
I0129,B043,168,images/B043_168h.png,synthetic_brightfield_style,True
I0130,B044,48,images/B044_48h.png,synthetic_brightfield_style,True
I0131,B044,96,images/B044_96h.png,synthetic_brightfield_style,True
I0132,B044,168,images/B044_168h.png,synthetic_brightfield_style,True
I0133,B045,48,images/B045_48h.png,synthetic_brightfield_style,True
I0134,B045,96,images/B045_96h.png,synthetic_brightfield_style,True
I0135,B045,168,images/B045_168h.png,synthetic_brightfield_style,True
I0136,B046,48,images/B046_48h.png,synthetic_brightfield_style,True
I0137,B046,96,images/B046_96h.png,synthetic_brightfield_style,True
I0138,B046,168,images/B046_168h.png,synthetic_brightfield_style,True
I0139,B047,48,images/B047_48h.png,synthetic_brightfield_style,True
I0140,B047,96,images/B047_96h.png,synthetic_brightfield_style,True
I0141,B047,168,images/B047_168h.png,synthetic_brightfield_style,True
I0142,B048,48,images/B048_48h.png,synthetic_brightfield_style,True
I0143,B048,96,images/B048_96h.png,synthetic_brightfield_style,True
I0144,B048,168,images/B048_168h.png,synthetic_brightfield_style,True
I0145,B049,48,images/B049_48h.png,synthetic_brightfield_style,True
I0146,B049,96,images/B049_96h.png,synthetic_brightfield_style,True
I0147,B049,168,images/B049_168h.png,synthetic_brightfield_style,True
I0148,B050,48,images/B050_48h.png,synthetic_brightfield_style,True
I0149,B050,96,images/B050_96h.png,synthetic_brightfield_style,True
I0150,B050,168,images/B050_168h.png,synthetic_brightfield_style,True
