batch_id,final_titer_g_l,final_viability_pct,max_vcd_million_ml,quality_metric_score
B001,2.135267,93.783794,18.230826,63.667075
B002,2.592597,93.420258,21.295792,70.145718
B003,2.429592,93.285569,20.011642,67.744061
B004,3.040842,93.435607,20.850918,76.625740
B005,2.423172,93.515588,19.945283,67.731832
B006,2.750890,93.311263,20.741318,72.394021
B007,3.321605,93.835948,22.861414,80.821321
B008,2.111104,93.916974,18.569666,63.364660
B009,3.243784,93.702038,23.040165,79.650372
B010,2.106633,93.097684,18.070215,63.013338
B011,2.817249,93.687100,20.342188,73.484086
B012,3.035392,93.498037,22.358664,76.568860
B013,2.759034,93.793722,19.858400,72.680509
B014,3.054024,93.258207,22.563046,76.754059
B015,2.820231,93.545165,20.019335,73.477485
B016,3.074317,93.010258,22.273406,76.960387
B017,2.675222,93.651467,20.488330,71.420108
B018,2.566066,93.736264,18.416568,69.873093
B019,2.708282,93.350407,20.234703,71.792265
B020,2.653958,93.983127,21.656575,71.229042
B021,2.073452,93.742483,18.675023,62.759730
B022,2.631180,93.694792,20.065617,70.799107
B023,1.312637,93.685552,10.816926,51.750254
B024,2.195224,93.262174,19.459916,64.350552
B025,2.138054,93.649516,18.246244,63.660329
B026,2.706839,93.594744,21.589458,71.856949
B027,2.293029,93.659687,18.519882,65.902422
B028,2.570615,93.794104,20.916195,69.959040
B029,2.586542,93.660992,21.473950,70.142513
B030,2.495600,93.834911,20.441510,68.889779
B031,2.608481,91.779069,20.651565,69.800739
B032,2.570108,94.025347,20.426507,70.032660
B033,2.425759,93.505487,20.561093,67.765656
B034,2.560945,93.257638,19.474641,69.631604
B035,2.230025,93.069347,19.377342,64.785748
B036,2.490089,93.535826,18.381664,68.705489
B037,2.199288,93.957117,20.314626,64.652488
B038,2.509172,93.501513,20.814585,68.969124
B039,2.462414,93.543063,21.673977,68.308269
B040,2.423454,93.755123,19.600363,67.819741
B041,2.638777,93.719337,21.531576,70.917437
B042,2.719249,93.868107,21.606483,72.131873
B043,3.064097,93.917566,21.230071,77.130325
B044,1.341451,93.217057,20.350803,52.002477
B045,2.875631,93.603823,21.341654,74.298234
B046,2.517215,93.348661,19.462891,69.031797
B047,2.403336,93.530129,18.609391,67.450394
B048,2.951638,93.452601,23.313578,75.343182
B049,1.895926,93.301933,17.520645,60.041271
B050,2.670935,93.533223,22.470135,71.316804
